{"/python/artifacts/lead_model_xgboost.json": {"0.0": {"precision": 0.7958333333333333, "recall": 0.8636021100226073, "f1-score": 0.8283339356704011, "support": 1327.0}, "1.0": {"precision": 0.8285984848484849, "recall": 0.7485029940119761, "f1-score": 0.7865168539325843, "support": 1169.0}, "accuracy": 0.8096955128205128, "macro avg": {"precision": 0.8122159090909091, "recall": 0.8060525520172916, "f1-score": 0.8074253948014927, "support": 2496.0}, "weighted avg": {"precision": 0.8111788710421522, "recall": 0.8096955128205128, "f1-score": 0.8087489322443162, "support": 2496.0}}, "/python/artifacts/lead_model_lr.pkl": {"0.0": {"precision": 0.7582417582417582, "recall": 0.8808510638297873, "f1-score": 0.8149606299212598, "support": 235.0}, "1.0": {"precision": 0.8333333333333334, "recall": 0.6796116504854369, "f1-score": 0.7486631016042781, "support": 206.0}, "accuracy": 0.7868480725623582, "macro avg": {"precision": 0.7957875457875458, "recall": 0.780231357157612, "f1-score": 0.781811865762769, "support": 441.0}, "weighted avg": {"precision": 0.7933185484205891, "recall": 0.7868480725623582, "f1-score": 0.7839917164670689, "support": 441.0}}}