{
    "train_report": {
        "0.0": {
            "precision": 0.8076923076923077,
            "recall": 0.854559155990957,
            "f1-score": 0.8304650311241304,
            "support": 1327.0
        },
        "1.0": {
            "precision": 0.8232600732600732,
            "recall": 0.7690333618477331,
            "f1-score": 0.7952233524988943,
            "support": 1169.0
        },
        "accuracy": 0.8145032051282052,
        "macro avg": {
            "precision": 0.8154761904761905,
            "recall": 0.811796258919345,
            "f1-score": 0.8128441918115124,
            "support": 2496.0
        },
        "weighted avg": {
            "precision": 0.8149834607166339,
            "recall": 0.8145032051282052,
            "f1-score": 0.8139596135308207,
            "support": 2496.0
        }
    },
    "test_report": {
        "0.0": {
            "precision": 0.7573529411764706,
            "recall": 0.8765957446808511,
            "f1-score": 0.8126232741617357,
            "support": 235.0
        },
        "1.0": {
            "precision": 0.8284023668639053,
            "recall": 0.6796116504854369,
            "f1-score": 0.7466666666666667,
            "support": 206.0
        },
        "accuracy": 0.7845804988662132,
        "macro avg": {
            "precision": 0.792877654020188,
            "recall": 0.778103697583144,
            "f1-score": 0.7796449704142012,
            "support": 441.0
        },
        "weighted avg": {
            "precision": 0.7905415617923699,
            "recall": 0.7845804988662132,
            "f1-score": 0.7818136117037215,
            "support": 441.0
        }
    },
    "confusion_matrix_test": [
        [
            206,
            29
        ],
        [
            66,
            140
        ]
    ]
}