{
    "train_report": {
        "0.0": {
            "precision": 0.7958333333333333,
            "recall": 0.8636021100226073,
            "f1-score": 0.8283339356704011,
            "support": 1327.0
        },
        "1.0": {
            "precision": 0.8285984848484849,
            "recall": 0.7485029940119761,
            "f1-score": 0.7865168539325843,
            "support": 1169.0
        },
        "accuracy": 0.8096955128205128,
        "macro avg": {
            "precision": 0.8122159090909091,
            "recall": 0.8060525520172916,
            "f1-score": 0.8074253948014927,
            "support": 2496.0
        },
        "weighted avg": {
            "precision": 0.8111788710421522,
            "recall": 0.8096955128205128,
            "f1-score": 0.8087489322443162,
            "support": 2496.0
        }
    },
    "test_report": {
        "0.0": {
            "precision": 0.7411347517730497,
            "recall": 0.8893617021276595,
            "f1-score": 0.8085106382978723,
            "support": 235.0
        },
        "1.0": {
            "precision": 0.8364779874213837,
            "recall": 0.6456310679611651,
            "f1-score": 0.7287671232876712,
            "support": 206.0
        },
        "accuracy": 0.7755102040816326,
        "macro avg": {
            "precision": 0.7888063695972167,
            "recall": 0.7674963850444123,
            "f1-score": 0.7686388807927718,
            "support": 441.0
        },
        "weighted avg": {
            "precision": 0.7856715013049245,
            "recall": 0.7755102040816326,
            "f1-score": 0.7712608331003634,
            "support": 441.0
        }
    },
    "confusion_matrix_test": [
        [
            209,
            26
        ],
        [
            73,
            133
        ]
    ]
}